25.013521,-0.036992103
25.011204,-0.038075585
25.010508,-0.03763301
25.010544,-0.03658864
25.009274,-0.036965646
25.008158,-0.037263617
25.006489,-0.03818727
25.005867,-0.038138546
25.004486,-0.038917515
25.004763,-0.038064692
25.004799,-0.037532497
25.005495,-0.036385246
25.00566,-0.035833813
25.004177,-0.03695461
25.002312,-0.03849588
25.001472,-0.038993366
25.002934,-0.037218966
25.003794,-0.03611695
25.004076,-0.035630196
25.002975,-0.036558434
25.001705,-0.037655823
25.00006,-0.039114367
25.000515,-0.038478922
25.00133,-0.037516903
25.002731,-0.036007382
25.002077,-0.03657263
25.00086,-0.03770025
24.999952,-0.038495447
24.999771,-0.038582124
25.000414,-0.037846025
25.001505,-0.036693167
25.00158,-0.036583103
25.000664,-0.03745956
24.999872,-0.038196564
24.999676,-0.03833463
24.999134,-0.03882483
24.999952,-0.03796358
25.000744,-0.037135754
25.001095,-0.036764115
25.001366,-0.03647469
25.00061,-0.037212707
25.000872,-0.036922697
24.999878,-0.03793031
24.999872,-0.03791394
24.999681,-0.038065244
24.999708,-0.038024854
25.000488,-0.037217755
25.00006,-0.03763318
25.00025,-0.037432138
25.00027,-0.037408594
25.000633,-0.03702872
25.000738,-0.03690904
25.000074,-0.037582483
25.000063,-0.03792287
25.000622,-0.037520938
25.00016,-0.03771922
25.000622,-0.037423473
25.000834,-0.037285138
25.000027,-0.03765157
24.999947,-0.037645508
25.000286,-0.037484802
24.999762,-0.03772145
25.000286,-0.03744287
24.999866,-0.037665915
25.000015,-0.03758567
24.999884,-0.037670434
24.999926,-0.03761883
25.000256,-0.037437025
24.999804,-0.037656777
25.00016,-0.037465617
25.000053,-0.03751621
24.999601,-0.037742548
25.000658,-0.03717747
24.99984,-0.03762935
25.000366,-0.03733998
24.999985,-0.037539378
24.999655,-0.037704337
24.999771,-0.037642214
25.000202,-0.037425756
25.00017,-0.037444144
25.00033,-0.03744021
24.999681,-0.037746057
25.00019,-0.037474383
24.999878,-0.037635677
25.000212,-0.037484214
24.999973,-0.037587527
25.000027,-0.03755952
24.99991,-0.037621435
25.00084,-0.037138883
24.999739,-0.03769169
25.000282,-0.037402797
24.999708,-0.037770927
24.999176,-0.03799344
25.000467,-0.0373513
24.999708,-0.03772405
25.000458,-0.037329618
25.000095,-0.037514135
25.000473,-0.037298743
24.999819,-0.03765417
25.00033,-0.037368678
25.000404,-0.03735268
24.999905,-0.03758253
25.000038,-0.0375009
24.999893,-0.037580457
24.999989,-0.03751897
25.000187,-0.0374291
24.999432,-0.037800632
25.000101,-0.037472203
25.000175,-0.03742735
24.999342,-0.03786483
25.000563,-0.037270095
25.000265,-0.03738393
25.000069,-0.037500635
25.000181,-0.037447173
24.999973,-0.03751647
24.999771,-0.037595868
25.000711,-0.03712432
24.99992,-0.037498508
25.000086,-0.03742496
25.000319,-0.03732866
24.999187,-0.03788497
25.000042,-0.03745881
24.999947,-0.03749447
25.00033,-0.037313726
24.999676,-0.037653424
24.999804,-0.03759943
24.999756,-0.03765268
25.000048,-0.037450626
24.999325,-0.037812322
25.000654,-0.037135907
24.999601,-0.037681375
25.000404,-0.03725006
24.99983,-0.037562758
24.999708,-0.037591882
25.00034,-0.03721052
25.000086,-0.037406728
24.999123,-0.03789491
25.000303,-0.037302673
25.000107,-0.03737208
24.999819,-0.03757955
24.999474,-0.037705503
25.00102,-0.036899094
24.999866,-0.03746816
24.999836,-0.037527576
24.99984,-0.037472308
24.999691,-0.037566904
25.000069,-0.037327647
24.999628,-0.03756616
25.000256,-0.037173
24.99981,-0.03747539
25.000074,-0.03733764
25.000336,-0.037220404
25.00016,-0.037287578
25.000006,-0.037400987
25.000187,-0.03726345
25.000113,-0.03727641
24.999994,-0.03733708
25.000244,-0.037215002
24.999426,-0.037623044
24.999575,-0.037550736
25.000143,-0.037266612
25.00068,-0.03699828
25.000175,-0.037251554
25.000149,-0.03726193
25.000595,-0.037036844
25.000095,-0.037284695
25.000366,-0.037148684
24.999836,-0.037414778
24.999989,-0.037335705
24.999899,-0.037384935
24.99965,-0.037511572
25.000404,-0.037137013
25.000202,-0.037237428
25.000187,-0.037244
25.000484,-0.03709769
24.999872,-0.037401777
25.000256,-0.037210423
24.999714,-0.037483647
25.000467,-0.037106164
25.000488,-0.037094418
24.99948,-0.03759831
25.00058,-0.037046876
24.999973,-0.037349004
25.000324,-0.037169892
24.999655,-0.037507806
25.00041,-0.03713275
25.00016,-0.037256196
24.999968,-0.0373524
25.000404,-0.037131496
24.99967,-0.037499137
24.999458,-0.037608545
25.000128,-0.03727186
24.999687,-0.037489768
24.999512,-0.0375812
25.000637,-0.037013646
24.999872,-0.037396956
24.99975,-0.03746043
25.000319,-0.03717254
25.00044,-0.037113722
25.000792,-0.036934428
24.999432,-0.03761514
25.000887,-0.03689035
24.99994,-0.03736514
25.0005,-0.037086796
25.000435,-0.03711745
24.999447,-0.037609383
25.000202,-0.03723001
25.000069,-0.037294954
25.000235,-0.037211563
24.999947,-0.0373571
24.999872,-0.03739343
25.000116,-0.03727025
25.000154,-0.037250917
25.00016,-0.037248153
25.000027,-0.037314557
25.000048,-0.037303105
25.000336,-0.037157193
25.000256,-0.03719484
25.000505,-0.037068177
25.000063,-0.037289564
25.0005,-0.037072327
25.000074,-0.037283868
25.000149,-0.03724572
25.000265,-0.03718471
25.00019,-0.03722265
25.000149,-0.0372445
25.000559,-0.037038002
24.999506,-0.037564173
25.000149,-0.037243653
24.99981,-0.03740878
24.999325,-0.037652127
25.000734,-0.03694676
25.000107,-0.037258293
25.000292,-0.037162375
24.999893,-0.03736252
25.00059,-0.037011772
25.000196,-0.03720812
25.000196,-0.037208505
24.999863,-0.03737235
24.99983,-0.03738779
25.000154,-0.03722413
25.000399,-0.037102394
24.999937,-0.037331834
25.000696,-0.036950834
25.000265,-0.03716882
24.998795,-0.037905347
25.000383,-0.037113275
24.99981,-0.037406806
24.99991,-0.037354246
24.999538,-0.037539493
25.00059,-0.0370134
24.999144,-0.037738964
24.999342,-0.03764306
25.00017,-0.0372307
24.99984,-0.037397075
24.999735,-0.037451293
25.000154,-0.03724448
24.999714,-0.03746526
24.999804,-0.03742343
24.999336,-0.037657034
25.000196,-0.037230402
24.999952,-0.037352823
25.000336,-0.037159275
25.000303,-0.03717481
24.999819,-0.037416305
24.999905,-0.03737494
25.000101,-0.037276343
25.000021,-0.037316307
25.00035,-0.037152052
25.00025,-0.03720338
25.000122,-0.03726423
24.999973,-0.03734208
24.999681,-0.03748903
25.000319,-0.037170235
25.000425,-0.037114628
25.000086,-0.0372792
25.000547,-0.03704533
24.999495,-0.037569888
25.000313,-0.037160188
25.000488,-0.037069928
25.000462,-0.0370808
24.99964,-0.037490442
24.999691,-0.0374627
24.99984,-0.037384994
25.000366,-0.03712206
24.999762,-0.03742292
25.00006,-0.037271287
25.000154,-0.037220918
25.000526,-0.03703326
25.000488,-0.037049603
25.00042,-0.037079494
25.000404,-0.037084162
25.000298,-0.037135553
25.000006,-0.03727988
25.000462,-0.03704774
25.000212,-0.037169892
24.999426,-0.037559837
25.000042,-0.03724992
25.000357,-0.03709205
25.000431,-0.03705373
25.000235,-0.037150115
25.000467,-0.03703205
24.999851,-0.037334852
25.00035,-0.037085887
24.999836,-0.03733996
25.000616,-0.036948178
25.000628,-0.036939166
24.999765,-0.037370272
25.000393,-0.03705166
24.999798,-0.03734563
24.99992,-0.03728205
25.000208,-0.037137806
25.000086,-0.037197787
25.00052,-0.03697829
25.000021,-0.037225805
25.000303,-0.03708423
25.000107,-0.037179057
25.000637,-0.036911372
25.000559,-0.03694828
24.999798,-0.037328076
25.000107,-0.037170798
24.999655,-0.037395526
24.999985,-0.037230585
24.999783,-0.03732982
25.000223,-0.037106078
25.000101,-0.037167214
25.000074,-0.037177287
25.000484,-0.036970396
24.999973,-0.03722231
24.999989,-0.03721297
25.000048,-0.03718075
25.000755,-0.03682496
24.999989,-0.037205793
25.000261,-0.0370703
25.000053,-0.037170198
25.000755,-0.03681768
25.000143,-0.0371218
25.000387,-0.036997974
25.000223,-0.0370779
24.999878,-0.037248455
25.000063,-0.037154905
24.999687,-0.037340283
25.000526,-0.03691866
25.000095,-0.037133027
24.999985,-0.037187256
25.000425,-0.036964014
25.000212,-0.037070327
25.000113,-0.037118047
25.000217,-0.037064046
24.999548,-0.03739434
25.000765,-0.036783032
24.999804,-0.0372645
25.000223,-0.03705212
25.000032,-0.03714677
25.000107,-0.037110414
24.999973,-0.037176453
24.99983,-0.03725012
25.000357,-0.036983125
25.00059,-0.036863316
25.000223,-0.037046045
25.00009,-0.03711091
25.0,-0.03715472
25.00019,-0.037056006
24.999783,-0.037257172
25.000208,-0.037045527
25.000256,-0.03701801
25.000467,-0.036906537
24.999926,-0.03717652
25.00017,-0.03705244
24.999968,-0.037152346
24.999937,-0.037164558
25.000484,-0.03688739
25.000038,-0.03711075
24.999872,-0.037190396
25.000208,-0.03702136
25.00092,-0.036662873
24.999718,-0.03726474
25.000383,-0.036928184
25.000446,-0.03689572
25.000011,-0.037110273
25.000261,-0.036985
24.999947,-0.037138604
25.000809,-0.036705043
25.000256,-0.036981422
25.000324,-0.03694467
25.000244,-0.036981262
24.999691,-0.037257593
25.000011,-0.03709585
25.000143,-0.03702718
25.000935,-0.03662905
25.000122,-0.037032627
25.00017,-0.037007175
25.000324,-0.036925923
25.000458,-0.036858536
24.999714,-0.037228197
25.000021,-0.03707271
25.000383,-0.036887135
25.000372,-0.036892556
25.000366,-0.036894258
25.000488,-0.036827955
25.000446,-0.036847405
24.99994,-0.03709808
25.000658,-0.036737368
25.000595,-0.036766306
25.000116,-0.03700309
24.999893,-0.037115175
25.000446,-0.036833238
25.000319,-0.036897548
24.99939,-0.037359744
25.000313,-0.03689566
25.00016,-0.036969658
25.000494,-0.03679985
25.000607,-0.03674243
24.999952,-0.037068017
24.999914,-0.03708537
25.000235,-0.036924914
25.000414,-0.036829878
25.000584,-0.03674347
25.000244,-0.036912076
25.000137,-0.036963128
24.999979,-0.037043814
25.000387,-0.03683441
24.999643,-0.037206158
25.000515,-0.036765497
25.00036,-0.03684109
25.000265,-0.03688665
24.999718,-0.03715883
24.999952,-0.03704127
25.000404,-0.03681287
24.99967,-0.037177715
25.000282,-0.036868125
25.000011,-0.037000146
25.001425,-0.036289632
24.99984,-0.03707899
25.000063,-0.036965415
25.000196,-0.036898345
25.000824,-0.036584463
24.999441,-0.03727448
25.00076,-0.036612578
24.99994,-0.037018657
25.00017,-0.036902547
25.000149,-0.036910642
25.000648,-0.03665778
24.999554,-0.03720211
25.000212,-0.03687185
25.000134,-0.03691292
25.000309,-0.036822706
25.000208,-0.03687067
25.000515,-0.03671439
24.999798,-0.037071437
25.0005,-0.036719363
24.99964,-0.037147176
25.000038,-0.036947113
25.000101,-0.036913153
24.999926,-0.037001114
25.00051,-0.0367047
25.001,-0.036456678
25.000261,-0.03682624
25.000536,-0.036679868
25.000702,-0.036598265
24.999622,-0.037133563
24.999899,-0.036992047
25.000607,-0.036636773
25.000286,-0.036795434
25.000011,-0.036930483
25.000893,-0.036487997
24.99984,-0.03701279
24.9995,-0.037179533
25.000229,-0.036811624
24.999825,-0.037016306
25.000107,-0.0368716
24.999846,-0.037001207
25.000515,-0.036663797
25.000378,-0.036731295
25.000006,-0.03691376
25.00059,-0.036619224
24.99967,-0.03708019
25.00017,-0.036825843
25.000637,-0.036590792
25.000404,-0.03670484
24.999863,-0.03697401
25.0005,-0.036654532
24.999548,-0.03712702
25.000277,-0.0367636
25.000542,-0.03662647
25.000212,-0.03678991
24.999813,-0.036986157
24.999819,-0.036983974
24.99916,-0.037311506
25.000658,-0.03655962
25.000404,-0.03668144
24.999144,-0.03731429
25.000048,-0.036862765
25.000435,-0.036667425
25.000116,-0.036826577
25.000137,-0.03681295
25.000399,-0.03668054
25.000914,-0.03642177
24.999765,-0.036993608
25.000196,-0.03677709
25.000723,-0.036511198
24.999256,-0.037241206
25.001095,-0.036321424
25.00042,-0.03665483
24.999872,-0.036924187
25.00009,-0.03681497
24.999926,-0.03689591
25.000101,-0.03680532
24.999878,-0.03691582
25.001455,-0.03612396
25.000015,-0.036841713
25.000336,-0.03668078
24.999914,-0.036889467
25.000607,-0.036540996
24.999985,-0.036851194
25.000282,-0.03670066
25.000181,-0.03674763
25.000137,-0.0367675
24.999952,-0.036862183
25.00086,-0.036403336
25.000467,-0.036599327
25.000113,-0.036775064
25.000137,-0.036758665
25.000708,-0.036473084
25.0006,-0.036523383
24.999887,-0.036877096
25.000113,-0.036763012
24.999792,-0.036921334
25.000484,-0.036573436
25.000074,-0.036776256
25.00033,-0.03664697
24.999533,-0.037043132
25.00017,-0.0367184
25.000675,-0.03646605
24.999554,-0.0370243
25.000559,-0.03651934
24.999899,-0.0368454
25.001,-0.036292717
25.000484,-0.036547575
24.999622,-0.036975577
25.00017,-0.036700983
25.000223,-0.036671646
25.00051,-0.036526058
25.000101,-0.036729388
25.00016,-0.03669832
25.00034,-0.036606915
25.00019,-0.036676034
24.999762,-0.03688792
25.000134,-0.036701933
25.00075,-0.036388934
24.999872,-0.03682769
24.999813,-0.036853492
25.00093,-0.036293823
24.999043,-0.037236433
25.00059,-0.036457878
25.000622,-0.03644189
24.998991,-0.03725571
25.000792,-0.036351707
24.999405,-0.03704555
24.999634,-0.03693128
25.000015,-0.036736976
25.000479,-0.036505092
24.999792,-0.036847267
25.000536,-0.036469698
25.001678,-0.035899337
24.99892,-0.0372744
25.000988,-0.0362383
24.999643,-0.03691087
25.000488,-0.036485955
24.999586,-0.036935925
25.000202,-0.03662515
24.999697,-0.036877245
25.000187,-0.03663209
24.999777,-0.036833294
25.000467,-0.036486704
24.999788,-0.036827747
25.000277,-0.036577042
25.000404,-0.036515597
25.000744,-0.03634009
24.999426,-0.03700177
24.999973,-0.036723353
25.00041,-0.03650201
25.000664,-0.036372285
25.000027,-0.03668799
25.00019,-0.03660522
25.000702,-0.036345754
24.999989,-0.036700778
25.000366,-0.036509838
24.999887,-0.03674404
25.000086,-0.036646247
25.00058,-0.036396496
25.000175,-0.036597595
25.000526,-0.03641868
25.000208,-0.036577687
24.999542,-0.036909442
25.000473,-0.03644148
24.999989,-0.03668256
25.000856,-0.03624534
25.000235,-0.0365546
25.000086,-0.036628257
25.000128,-0.036604356
25.00051,-0.036410544
25.000393,-0.036466833
25.00017,-0.036576018
24.999836,-0.036742285
25.00041,-0.036453206
24.999872,-0.036721267
25.000479,-0.0364124
25.000387,-0.036459498
25.000235,-0.03653412
25.001041,-0.036122374
25.000164,-0.03656453
25.000431,-0.036427155
25.000069,-0.036608946
25.000845,-0.03621571
25.000074,-0.03660066
25.000137,-0.036565874
24.999393,-0.036936462
25.000685,-0.036289033
25.000357,-0.03644987
25.000015,-0.0366177
25.00035,-0.03644909
25.000515,-0.036364812
25.000208,-0.036516167
25.000446,-0.03639526
24.999096,-0.037068084
25.000137,-0.036544397
25.000134,-0.03654841
25.00035,-0.036435153
25.00006,-0.036579777
25.000563,-0.03632369
24.999819,-0.036693234
25.00076,-0.03622009
25.000744,-0.036222998
25.000366,-0.03641123
25.000175,-0.03650142
25.000053,-0.03656147
24.99965,-0.03676056
25.00069,-0.036237527
24.999872,-0.036644164
25.000128,-0.0365163
24.999866,-0.036641736
25.00035,-0.036399994
25.00034,-0.036401294
25.000235,-0.03645358
24.999506,-0.036815725
25.000256,-0.03643906
25.00017,-0.036479294
25.00006,-0.036533747
25.000261,-0.03642588
25.000122,-0.03649286
25.000595,-0.036253706
25.000265,-0.036417846
25.000208,-0.036442615
25.000372,-0.036357973
25.000244,-0.036419183
24.99984,-0.036619257
25.000515,-0.036278304
25.000196,-0.036436
25.000292,-0.03638445
25.000164,-0.03644455
25.000074,-0.03648699
25.000292,-0.036375314
24.999893,-0.036571816
25.000595,-0.036218915
25.000107,-0.036460463
25.00059,-0.036214475
25.000074,-0.036469698
25.000324,-0.036343694
25.00016,-0.03642241
25.00017,-0.036413923
25.00085,-0.03606966
25.000256,-0.03636696
25.000734,-0.036123145
24.999622,-0.036674365
25.000559,-0.036203917
24.999569,-0.036694705
25.000229,-0.036362085
25.000622,-0.0361603
25.000404,-0.03626822
25.000038,-0.03644694
24.99872,-0.037106752
25.00016,-0.036392212
25.001047,-0.035946693
25.000982,-0.03597358
25.001041,-0.035938144
25.000292,-0.036310956
25.000633,-0.036134407
25.000708,-0.036092635
25.000628,-0.03613148
25.000563,-0.036157206
25.000196,-0.03633706
25.000149,-0.036356438
24.999857,-0.03649798
25.000143,-0.036350284
25.000568,-0.036134362
24.999905,-0.036462992
25.00044,-0.03619043
25.000122,-0.036346488
25.00017,-0.036319636
25.000011,-0.036397487
25.000021,-0.03639019
25.000883,-0.035955597
25.00034,-0.03622438
24.999866,-0.03645922
25.000095,-0.03634244
25.00036,-0.036206566
24.999596,-0.036588017
25.000637,-0.0360632
25.000048,-0.036356002
25.000776,-0.035986707
25.00027,-0.036234327
25.00085,-0.035942357
24.999851,-0.036439285
24.999798,-0.036465567
25.000393,-0.03616616
25.000366,-0.03617869
25.000435,-0.036138542
25.000536,-0.036086805
24.99992,-0.03639232
25.000404,-0.036144603
25.000137,-0.03627458
25.000154,-0.03626402
25.000202,-0.03623628
25.000303,-0.036183372
25.000505,-0.036078334
25.00034,-0.036157347
25.000488,-0.036079958
25.000404,-0.03611947
25.000473,-0.03607862
25.000542,-0.036041275
24.999985,-0.03631712
25.000113,-0.036249377
25.00093,-0.035837676
25.000053,-0.03627271
25.000113,-0.03624139
25.000303,-0.03614157
25.000256,-0.03616203
24.999819,-0.03637791
25.000261,-0.036153246
25.000063,-0.036248777
25.000244,-0.0361567
25.00019,-0.03618009
25.000175,-0.03618443
25.000628,-0.035954896
25.000187,-0.036174513
25.000217,-0.03615316
25.00067,-0.035925947
25.00034,-0.036087506
25.00052,-0.035995275
25.000559,-0.035973936
25.000223,-0.036137447
25.000128,-0.03618222
25.000181,-0.036151275
25.00061,-0.035933517
25.000244,-0.036113366
25.000063,-0.03619974
25.000101,-0.036177054
25.00042,-0.036014047
25.000399,-0.036022197
25.000282,-0.03607714
25.000303,-0.036062185
25.000414,-0.036003
25.000006,-0.03620452
25.000303,-0.036054276
25.000568,-0.03591601
25.001032,-0.035681307
25.000202,-0.036092453
25.000532,-0.035922233
25.000515,-0.035928246
24.99992,-0.036222324
25.000607,-0.035877544
25.000319,-0.036016565
25.000319,-0.03601374
25.000584,-0.03587798
25.000181,-0.036076654
25.000553,-0.035886638
25.000765,-0.03577582
25.000217,-0.03604709
24.999914,-0.0361944
25.000526,-0.03588573
25.000298,-0.03599529
25.000196,-0.036043614
25.00035,-0.03596499
25.00086,-0.035705037
25.000238,-0.036011185
25.000792,-0.035730697
25.000164,-0.03604288
25.000235,-0.036003593
25.0005,-0.035865884
25.000872,-0.035678014
25.000458,-0.0358822
24.999914,-0.036146455
25.00008,-0.03606108
25.000286,-0.0359553
25.000164,-0.036011692
25.000292,-0.035944436
25.000181,-0.035996508
25.000559,-0.035803802
25.000664,-0.035748363
25.00041,-0.03587282
25.000042,-0.0360526
25.000366,-0.035887524
25.000223,-0.03595572
25.000261,-0.03593255
25.000053,-0.03603174
25.000128,-0.035992745
25.000383,-0.03586172
25.000223,-0.03593926
25.000196,-0.035946563
25.000532,-0.035775326
25.000484,-0.03579588
25.000175,-0.035947833
25.000357,-0.035854608
25.00036,-0.035847977
25.00017,-0.03594061
25.000435,-0.035804797
25.000399,-0.03582095
25.000027,-0.03600365
25.000277,-0.035874743
25.000664,-0.03567752
25.000217,-0.035896864
25.000711,-0.03564633
25.000261,-0.035870157
24.999846,-0.03607274
25.000336,-0.03582756
25.00033,-0.035825133
25.000042,-0.035966806
25.000229,-0.035869922
25.000208,-0.035876945
25.000526,-0.0357155
24.999958,-0.035996947
25.000366,-0.03578943
25.000378,-0.035781793
25.00009,-0.035918918
25.000446,-0.035738956
25.000298,-0.035811093
25.000458,-0.035726216
25.000122,-0.035891287
25.00009,-0.035905268
25.000238,-0.035824962
25.000134,-0.03587432
25.000143,-0.03586525
25.000042,-0.035913996
25.000458,-0.03570379
25.000553,-0.035650305
25.000559,-0.03564293
25.000378,-0.03573121
25.00076,-0.035534978
24.999973,-0.035924163
25.000366,-0.035723172
25.000134,-0.035837654
25.000256,-0.03577323
25.000042,-0.035876572
25.00033,-0.035728578
25.000235,-0.035774156
25.000309,-0.03573194
25.000128,-0.03582221
25.00044,-0.03566068
24.999697,-0.03602964
25.00052,-0.035615034
25.000559,-0.03559236
25.000711,-0.035510335
25.000584,-0.03557338
25.000399,-0.03566143
25.00016,-0.035778753
25.000547,-0.035578985
25.000261,-0.035720095
25.000181,-0.03575741
25.000324,-0.03568129
24.999989,-0.035847057
25.000446,-0.035614602
24.999798,-0.035933703
25.000568,-0.03554635
25.00051,-0.035571884
25.000378,-0.035637714
25.00076,-0.03544177
25.000755,-0.035440173
25.000021,-0.035805874
25.000515,-0.035553895
25.000116,-0.035749115
25.000372,-0.0356181
25.000187,-0.035706613
25.00041,-0.035592977
25.000568,-0.035506934
25.000208,-0.03568514
25.000446,-0.035560515
25.000265,-0.035646945
25.00016,-0.03569839
24.999613,-0.035968244
24.999958,-0.03579324
25.000202,-0.035666488
25.000298,-0.03561816
25.000643,-0.035440195
25.000277,-0.035623062
25.000053,-0.03573024
25.000319,-0.035594117
25.000032,-0.03573369
25.000738,-0.035377495
24.99983,-0.0358281
25.000723,-0.03537752
25.000345,-0.035565406
25.000568,-0.035448287
25.00033,-0.035565536
25.000776,-0.03533889
25.000658,-0.03539348
24.999979,-0.0357304
25.000473,-0.035479512
25.00027,-0.03557678
25.00076,-0.03532902
25.000015,-0.035698533
25.000265,-0.035569243
25.000292,-0.035553887
25.000479,-0.035457026
25.00036,-0.03551
25.00017,-0.035604846
25.000187,-0.035591904
25.00052,-0.03542101
25.000116,-0.035618093
25.000042,-0.035652682
24.999947,-0.035699196
25.000824,-0.035255168
25.000414,-0.03545754
25.000729,-0.035295233
25.000313,-0.035501134
25.000435,-0.0354346
25.000048,-0.035625305
25.000282,-0.0355062
25.000256,-0.03551633
25.000309,-0.035486095
25.00019,-0.0355401
25.00052,-0.03537142
25.000462,-0.03539763
24.999958,-0.035646223
25.000345,-0.035447482
24.99992,-0.03565626
25.00035,-0.03543778
25.000372,-0.035425924
25.000282,-0.035465326
25.000208,-0.03550047
24.999739,-0.035730466
25.000313,-0.035442144
24.99975,-0.03571732
25.000952,-0.035113964
25.000387,-0.035391923
24.999973,-0.03559758
24.999914,-0.035622627
25.000244,-0.035453536
25.000458,-0.03534408
25.00025,-0.035445414
25.000607,-0.035262495
24.999798,-0.035664834
25.00016,-0.035479438
25.000336,-0.03538949
25.000038,-0.03553397
25.00017,-0.035464525
25.000622,-0.035236116
25.00052,-0.03528225
25.000196,-0.035442114
25.000372,-0.035350967
25.000387,-0.035338815
25.0005,-0.035279635
25.000399,-0.035326764
25.000378,-0.035332274
25.000595,-0.03522088
25.00061,-0.035209324
25.00075,-0.035136268
24.999962,-0.0355266
25.000143,-0.03543146
25.00034,-0.035329893
25.0005,-0.03524651
25.00041,-0.035288204
25.001036,-0.034969464
25.00034,-0.035313822
25.000212,-0.035374682
24.999872,-0.035541832
25.000458,-0.03524412
25.000235,-0.035352618
25.000414,-0.035259206
25.000292,-0.03531685
25.00052,-0.035199627
25.000559,-0.035176285
25.00041,-0.03524854
25.000536,-0.035181236
24.999937,-0.03547863
25.0006,-0.035145637
25.000734,-0.035073638
25.00027,-0.035301372
25.00042,-0.035222244
25.000484,-0.035187814
25.000628,-0.03511096
25.000319,-0.035261534
25.000313,-0.035261482
25.000134,-0.03534786
25.000196,-0.035312105
25.00068,-0.03506569
25.000547,-0.035127454
25.000128,-0.035335124
25.000484,-0.035152175
25.000399,-0.03519027
25.000336,-0.035221357
25.000988,-0.03488962
25.000729,-0.035014663
25.000292,-0.035228353
25.000738,-0.03500205
25.000633,-0.035052836
24.999771,-0.035480242
25.000319,-0.03520277
25.00044,-0.035139605
25.00019,-0.03525991
25.000113,-0.03529636
24.999989,-0.03535279
24.999962,-0.03536231
25.000265,-0.035206247
25.000357,-0.0351593
25.000235,-0.035218786
25.000134,-0.035262655
25.000086,-0.035284467
25.000553,-0.035045907
25.000319,-0.035159923
25.000229,-0.035203524
25.00036,-0.035132576
25.000298,-0.0351596
25.000809,-0.03490322
25.000458,-0.035073686
25.000181,-0.035206683
25.001106,-0.034741905
24.999914,-0.035332568
25.000319,-0.035127334
25.000542,-0.0350106
25.000286,-0.03513521
25.000048,-0.035250567
25.00051,-0.035013575
25.000824,-0.03485506
25.000813,-0.034855172
25.000164,-0.035177268
25.000734,-0.034889102
24.9995,-0.035501245
25.001015,-0.034740217
25.000319,-0.035083964
25.00006,-0.035213035
25.000595,-0.034941185
25.00042,-0.035024725
25.000542,-0.034959897
25.000479,-0.0349871
25.000212,-0.0351179
25.000607,-0.03491749
24.99994,-0.035246357
25.000734,-0.034845978
24.999985,-0.035216648
25.000616,-0.034898516
25.000038,-0.035184376
25.000776,-0.034811515
25.000229,-0.035080355
25.000223,-0.035081487
25.000223,-0.035075344
25.000547,-0.03491046
25.000446,-0.034957834
25.0005,-0.034926757
24.999744,-0.03530179
25.000553,-0.034892827
25.000345,-0.034994487
25.000027,-0.035150714
25.000313,-0.035002664
25.000658,-0.03482757
25.000042,-0.035132714
25.000563,-0.034869492
24.99994,-0.03517621
25.000952,-0.034669396
25.000387,-0.034945868
25.00016,-0.035055883
25.000212,-0.03502717
25.000313,-0.03497188
25.00069,-0.034781974
24.999947,-0.0351484
25.00059,-0.034824215
25.000782,-0.03472431
25.000383,-0.034921095
25.000532,-0.03484404
25.000282,-0.0349644
24.999765,-0.03522291
25.000282,-0.034960732
25.000256,-0.03497047
25.000462,-0.034862883
24.999952,-0.035112694
25.00027,-0.03494904
25.00027,-0.034946267
25.000181,-0.0349871
25.000458,-0.034846935
24.99965,-0.035248954
25.00036,-0.034888845
25.00067,-0.03473251
25.000095,-0.035016492
25.001015,-0.03455332
25.000256,-0.03493214
25.000032,-0.03504096
25.000011,-0.035047602
25.000637,-0.03473183
25.000484,-0.034805637
25.0005,-0.034794938
25.000431,-0.034827385
24.99914,-0.035473034
25.000738,-0.034669664
25.000734,-0.034669865
25.000366,-0.03484462
25.000813,-0.034618214
25.000238,-0.034900356
25.000187,-0.034924377
25.00025,-0.03489043
25.000265,-0.034880232
24.999792,-0.03511313
25.000584,-0.034712937
25.000187,-0.034911502
25.000217,-0.0348913
25.000313,-0.03484082
25.000393,-0.03479825
25.000372,-0.03480567
25.000282,-0.03484645
25.000893,-0.034539342
24.999973,-0.034996193
25.000755,-0.03460984
25.000143,-0.034909446
25.000505,-0.034725126
25.000607,-0.034673195
25.000187,-0.03487965
25.000559,-0.03469037
25.000086,-0.034924887
25.000095,-0.034915633
25.000834,-0.034542426
25.000462,-0.03472361
24.999926,-0.034990788
25.00052,-0.03469078
24.999973,-0.034960594
24.99992,-0.034984373
25.000238,-0.034821868
25.00034,-0.034768794
24.999989,-0.03494151
24.999866,-0.035000343
25.000021,-0.03491899
25.000452,-0.03470196
25.000282,-0.034784447
24.999985,-0.034931187
25.000387,-0.034725513
24.999756,-0.03504039
25.000282,-0.034775432
24.999357,-0.035235625
25.000563,-0.034628455
25.000595,-0.03460881
24.999994,-0.03490523
25.00052,-0.03463831
25.000494,-0.034648396
25.000175,-0.034805544
25.00025,-0.034765583
25.000286,-0.034737628
24.999416,-0.035172667
25.000212,-0.03477442
25.000149,-0.034803726
25.000038,-0.034855828
25.00044,-0.034650594
25.000298,-0.03471897
25.0006,-0.034564693
24.99994,-0.034889147
25.000834,-0.034439724
24.999756,-0.034976527
24.999914,-0.034893356
25.000526,-0.03458316
25.000595,-0.034544997
24.999872,-0.034904197
25.000217,-0.034726214
25.000515,-0.03457507
25.000372,-0.0346453
25.000217,-0.03471855
24.999542,-0.035052594
25.000723,-0.034458324
25.00035,-0.03464216
25.000298,-0.034665413
25.000309,-0.034655087
25.000134,-0.03473998
25.00093,-0.034336306
25.000526,-0.034535605
25.000532,-0.034529768
25.000212,-0.034684118
25.00059,-0.03449109
25.000027,-0.034769833
25.000027,-0.034766328
25.000137,-0.034707867
25.00059,-0.034477532
25.000309,-0.034616236
25.000042,-0.03474592
25.000164,-0.034682088
25.00019,-0.034666564
25.000399,-0.034561552
25.000027,-0.034745235
24.999884,-0.034813322
24.999947,-0.034779985
25.000006,-0.03474936
25.000021,-0.034738723
25.000664,-0.034413982
24.999878,-0.034805298
24.999866,-0.03480718
25.000584,-0.0344466
25.000532,-0.03447041
25.000559,-0.034456003
25.000526,-0.034470096
25.000277,-0.034591872
25.000446,-0.034502592
25.000568,-0.034438476
25.000298,-0.034570027
25.000393,-0.03451924
25.0,-0.034713082
25.00058,-0.034417223
25.000223,-0.03459389
25.000122,-0.034641363
25.000113,-0.034644734
25.000309,-0.0345437
25.000313,-0.034536913
25.00019,-0.034595363
24.999947,-0.034714427
25.000154,-0.034607697
25.000378,-0.03449382
25.000149,-0.03460472
25.000708,-0.03432161
25.000357,-0.034494065
25.000113,-0.034612544
25.000113,-0.034608833
24.999989,-0.034668896
25.000027,-0.03464653
25.000553,-0.034381766
25.00006,-0.034627285
25.00041,-0.03444908
25.000387,-0.034457747
25.000164,-0.034569442
25.000137,-0.034577515
25.000473,-0.03440764
25.000532,-0.0343769
25.000235,-0.03452343
25.000648,-0.03431325
25.000181,-0.034544215
25.000542,-0.034360316
25.000116,-0.034570783
25.000414,-0.034420226
25.000378,-0.034436114
24.999681,-0.034783807
25.00025,-0.034502953
24.999601,-0.034826625
24.999962,-0.034646884
25.000187,-0.034533855
25.000803,-0.03422433
24.999447,-0.03490041
25.000006,-0.03462062
25.000208,-0.0345216
24.999851,-0.03469734
25.000229,-0.03450706
24.999792,-0.03472709
25.000685,-0.034278978
24.999643,-0.034798607
24.999777,-0.03473181
25.000675,-0.03428067
25.000122,-0.034557562
25.000107,-0.034564205
25.000238,-0.034494866
24.99975,-0.034740653
25.00006,-0.03458515
25.000494,-0.034367416
25.000387,-0.034418773
24.999363,-0.034930594
25.000149,-0.034535754
25.000515,-0.03434994
25.000378,-0.034418568
25.000101,-0.03455644
25.000229,-0.034491647
25.000164,-0.03452111
24.999968,-0.03461857
24.999952,-0.03462376
24.999899,-0.034649033
25.00041,-0.034392685
25.000095,-0.034549743
24.99984,-0.034675457
24.999846,-0.034672484
25.000038,-0.0345778
25.000069,-0.034559146
25.000435,-0.034374155
24.999739,-0.034722574
25.000256,-0.034462333
24.999866,-0.034655426
25.000149,-0.034512244
25.00017,-0.03450177
25.000149,-0.034509312
24.999739,-0.0347124
25.000229,-0.03446788
25.000229,-0.034464005
25.000532,-0.03430896
25.000319,-0.034413725
24.99981,-0.034667827
25.000027,-0.034556884
25.000244,-0.03444493
25.000607,-0.03426251
25.000563,-0.034278054
25.000261,-0.034429982
25.000164,-0.03447524
25.000069,-0.03452146
24.999813,-0.034647327
25.000366,-0.03436578
25.001,-0.034049965
24.999899,-0.034596983
25.000336,-0.034378514
25.000042,-0.034522075
24.999884,-0.03460088
25.00067,-0.034203105
24.999931,-0.034569554
25.00035,-0.03435765
25.000181,-0.034441356
25.00033,-0.03436633
24.999533,-0.034761526
25.000628,-0.034210764
25.000532,-0.0342562
25.000208,-0.034417886
25.000425,-0.034303177
25.000547,-0.03424337
25.00017,-0.03442779
24.999979,-0.034522705
24.999931,-0.034545295
25.000458,-0.03428102
25.000494,-0.034259718
25.000143,-0.034432534
25.000021,-0.03449206
25.000553,-0.034223165
24.999958,-0.034520295
25.000309,-0.034339547
24.999952,-0.034517452
25.000309,-0.03433717
25.000303,-0.03433807
25.00017,-0.03440124
25.000734,-0.034117192
25.000006,-0.034478858
25.00009,-0.034432214
25.000235,-0.034358073
24.999979,-0.03448334
25.000324,-0.034310117
25.000723,-0.03410414
25.000425,-0.034246985
25.000809,-0.03405082
25.000515,-0.03419325
25.0005,-0.03419421
25.000431,-0.034224715
25.00051,-0.03418009
25.00051,-0.03417551
25.000637,-0.0341082
25.000467,-0.03418795
25.000834,-0.03399853
25.000309,-0.034257047
25.000435,-0.034186635
25.000643,-0.034078997
25.000324,-0.034234308
25.000648,-0.034069017
25.000643,-0.034066588
25.000404,-0.03418226
25.000961,-0.03389596
25.000292,-0.034228005
25.000462,-0.034139756
25.000994,-0.033869166
25.000488,-0.034116805
25.000696,-0.034007244
24.999947,-0.034377966
25.000149,-0.034274355
24.999973,-0.034357697
25.00094,-0.033871528
25.000435,-0.03411829
25.000559,-0.03405157
25.000446,-0.034103375
25.000446,-0.03409675
25.000782,-0.03392652
25.00042,-0.03410235
25.000574,-0.034021888
25.000446,-0.03408098
25.000154,-0.034225266
25.000404,-0.034092713
25.000282,-0.03415276
25.000101,-0.034239903
25.000813,-0.03387848
25.000116,-0.03422236
25.000734,-0.03391081
25.000217,-0.03416372
25.000128,-0.03420578
25.000648,-0.033941887
25.000458,-0.034033936
25.000229,-0.03414497
25.000515,-0.033997595
25.000452,-0.034025896
25.000637,-0.03392907
25.000107,-0.034191143
25.000542,-0.033968665
25.00059,-0.03394149
25.000729,-0.033868615
24.999905,-0.034277257
25.000164,-0.034142155
25.000372,-0.034033787
25.000116,-0.03415933
25.00006,-0.034183882
25.000708,-0.03385539
25.000086,-0.034163795
25.00042,-0.033992324
25.000143,-0.03412814
25.000032,-0.03418052
25.000095,-0.034145027
24.998968,-0.034710295
24.997343,-0.03554087
25.00119,-0.03361762
25.000021,-0.03419949
25.000898,-0.03375558
25.000708,-0.033848334
25.000027,-0.0341846
25.000542,-0.0339209
25.000235,-0.034070395
25.000803,-0.03378163
25.000357,-0.03400018
25.00077,-0.033785965
25.000458,-0.03393931
25.000765,-0.033779785
25.000435,-0.033940867
25.000048,-0.034131117
25.000563,-0.033869483
25.00036,-0.033966206
25.00025,-0.03401821
25.000462,-0.03390933
25.000658,-0.033806395
25.001211,-0.033525888
25.00033,-0.03396221
25.000755,-0.033745598
25.000196,-0.034020893
25.000526,-0.033854086
24.999899,-0.03416293
25.00044,-0.033889517
25.000217,-0.03399516
25.000319,-0.03394146
25.000462,-0.033865463
25.000282,-0.033949956
25.000488,-0.033843648
25.000217,-0.033975516
25.00027,-0.03394552
25.0011,-0.03352641
25.000113,-0.034018073
25.000553,-0.033793032
25.000208,-0.03396322
25.000458,-0.033835176
24.999884,-0.034117974
25.00058,-0.03376644
25.000292,-0.033906743
25.00052,-0.03378917
25.000244,-0.033924296
25.000404,-0.033841576
25.00009,-0.033995874
25.000154,-0.033961087
25.000345,-0.033863056
24.999857,-0.034105595
25.000187,-0.03393739
25.000515,-0.03377028
25.000824,-0.03361207
25.000366,-0.03383623
25.000399,-0.033818193
25.00085,-0.03358828
24.999968,-0.03402599
25.000446,-0.033785153
25.000015,-0.03399799
24.999601,-0.034205075
25.000813,-0.033597186
25.000113,-0.033945546
25.000637,-0.033677403
25.00009,-0.03394929
25.00052,-0.033728346
25.000628,-0.033674266
25.000559,-0.033703078
24.999735,-0.034113664
25.000622,-0.033665664
25.000383,-0.03378168
25.000116,-0.033912327
25.000383,-0.03377535
25.000048,-0.033941485
25.000217,-0.03385308
25.000393,-0.03376155
25.00083,-0.033540037
25.000383,-0.033761587
25.000319,-0.033788506
25.000467,-0.0337126
25.000122,-0.03388153
25.000181,-0.033848368
24.999813,-0.034032363
25.000244,-0.0338174
25.00025,-0.033810783
25.0,-0.03393029
24.999979,-0.03393924
25.000298,-0.03377777
25.000134,-0.033856947
25.000431,-0.033705723
25.00025,-0.033792377
25.000425,-0.033699926
25.00067,-0.03357485
25.000633,-0.03359179
24.999973,-0.03391851
24.999687,-0.034061167
25.00052,-0.033639092
25.000366,-0.03371468
24.999905,-0.03394068
25.00033,-0.03372559
25.00016,-0.03380648
25.00009,-0.03383703
25.000217,-0.03377095
25.000217,-0.033768296
25.00041,-0.033669084
25.000755,-0.033493318
25.00027,-0.033730615
24.999664,-0.034030344
25.000515,-0.03360173
24.999756,-0.033978544
25.000256,-0.033725254
25.000137,-0.03378117
25.000462,-0.033616424
24.999952,-0.03386904
25.000309,-0.03368714
25.000723,-0.03347736
25.000265,-0.033702407
25.000643,-0.03350966
25.000536,-0.03355947
25.000164,-0.033742867
25.000261,-0.033691756
25.000303,-0.03366686
25.00076,-0.033432882
25.000622,-0.033499546
25.0005,-0.033555225
25.000378,-0.03361346
24.996487,-0.03556703
24.999952,-0.033853117
24.999075,-0.03429485
24.999788,-0.033937607
25.000414,-0.033623435
25.000595,-0.03353067
25.000187,-0.03373323
25.00017,-0.033738185
25.000488,-0.03357786
25.000217,-0.03370891
25.000265,-0.03368377
24.999792,-0.03392253
25.001137,-0.033245254
24.999989,-0.03382315
24.999437,-0.03410008
24.999973,-0.03382832
25.000116,-0.033754192
25.000717,-0.033450436
25.000187,-0.03371116
25.000229,-0.033685688
25.000648,-0.033472575
25.000212,-0.033685997
25.00059,-0.033494752
24.999962,-0.03380394
25.000265,-0.033646982
25.000435,-0.033558987
25.000446,-0.033549454
25.00017,-0.03368235
25.000685,-0.033419166
25.00027,-0.033622876
25.000261,-0.03362243
25.000431,-0.03353092
25.000494,-0.033493455
25.000488,-0.03349119
25.000584,-0.03343808
25.000494,-0.03347887
25.000277,-0.033584848
25.000336,-0.033550225
25.000336,-0.033546854
25.000383,-0.03351911
25.000547,-0.03343007
25.00102,-0.03318315
25.000484,-0.033451103
25.000425,-0.03347599
25.000845,-0.033259794
25.000607,-0.03337553
25.000378,-0.03348695
25.000856,-0.033240166
25.000574,-0.033378888
25.00008,-0.033620495
25.000336,-0.033489306
25.000452,-0.033426084
25.000484,-0.033406258
24.99975,-0.03376947
25.000792,-0.033244446
25.00033,-0.033472817
25.000425,-0.033418432
25.000765,-0.033244915
25.000208,-0.033519283
25.00084,-0.03320033
25.00051,-0.0333606
25.000196,-0.033516403
25.000628,-0.03329643
25.00016,-0.033526074
25.000175,-0.033513576
25.00058,-0.03330762
25.000446,-0.03337134
25.000425,-0.033376545
25.000265,-0.03345283
25.000446,-0.033358797
25.000675,-0.0332427
25.000345,-0.0334031
25.000622,-0.03325767
25.000738,-0.03319604
25.000298,-0.033410843
25.00068,-0.03321576
25.000734,-0.03318499
25.000473,-0.033312537
25.000378,-0.033356544
25.000616,-0.03323327
24.999788,-0.033645313
25.000818,-0.033124194
25.000462,-0.033297323
25.00069,-0.03317962
24.999937,-0.033551674
25.000803,-0.03311332
25.000063,-0.033480287
25.000414,-0.033301424
25.0006,-0.033205185
25.000292,-0.03335594
24.999994,-0.033501852
25.000378,-0.033307344
25.000187,-0.03340003
25.000027,-0.033475988
25.000235,-0.033369184
25.000324,-0.033320706
24.999905,-0.033528313
25.000467,-0.033243254
25.00042,-0.033263847
25.00027,-0.03333648
25.00008,-0.033428527
25.000532,-0.03320008
25.000256,-0.0333351
25.000637,-0.03314039
25.000063,-0.03342534
25.000622,-0.03314225
25.000372,-0.033263188
25.00035,-0.033269368
25.000553,-0.033162788
25.000702,-0.03308835
24.999804,-0.033533063
25.000282,-0.03329117
25.000292,-0.033281717
25.000372,-0.03323875
25.000607,-0.03311894
25.000738,-0.033049572
24.999878,-0.033477146
25.000648,-0.033088673
25.000345,-0.033236578
25.000568,-0.0331221
25.000048,-0.033378378
25.000399,-0.033197884
25.00051,-0.033137824
25.000387,-0.03319605
24.999851,-0.033459563
25.000286,-0.03324058
25.00034,-0.03321118
25.000488,-0.03313376
25.000181,-0.033285756
25.000196,-0.033273585
25.000336,-0.033202715
25.000696,-0.033017725
25.000021,-0.03335247
25.000904,-0.03290524
25.000282,-0.03321525
25.000181,-0.033261184
25.000128,-0.03328471
25.000723,-0.032981526
25.000235,-0.033223845
25.000399,-0.033138286
25.000187,-0.03324033
24.99984,-0.03340974
25.00076,-0.032946054
25.000282,-0.033184014
25.000217,-0.033211455
25.000265,-0.033185106
24.999952,-0.03333709
25.000256,-0.03318237
25.00068,-0.032966446
25.000277,-0.033164836
25.00035,-0.033123735
25.000134,-0.03323004
25.000223,-0.033181798
25.000708,-0.032933168
25.000479,-0.03304582
25.000063,-0.0332483
25.000515,-0.033020727
25.000908,-0.032820106
25.000494,-0.03302607
25.000387,-0.03307451
25.000633,-0.03295025
25.000366,-0.033081338
25.000399,-0.033061028
25.000399,-0.03305844
25.000654,-0.032925792
24.999846,-0.03332871
25.00076,-0.032864265
25.000298,-0.033093013
25.000664,-0.032906264
25.000286,-0.033090234
25.001005,-0.032728355
24.999937,-0.033259317
25.000256,-0.03309697
25.000015,-0.03321371
25.000765,-0.0328354
25.000877,-0.032774877
25.00061,-0.032903045
25.000063,-0.033174872
25.000473,-0.032967247
25.001265,-0.03256546
25.000235,-0.033079
25.000137,-0.033122446
25.000717,-0.032829635
25.000038,-0.033167895
25.000086,-0.0331406
25.000357,-0.03300245
25.000797,-0.032777224
25.000282,-0.033031974
25.000595,-0.03287412
25.000181,-0.033076238
25.000229,-0.03304779
25.000137,-0.03309094
25.00025,-0.033031765
25.000696,-0.032805476
25.000063,-0.03311677
25.000607,-0.0328434
25.000181,-0.033052288
25.000187,-0.033044077
25.000229,-0.033018526
25.000324,-0.03296722
25.000116,-0.033067346
25.000484,-0.03288001
25.0005,-0.032868415
25.000404,-0.032913744
25.00019,-0.033017427
25.000137,-0.033039823
25.000584,-0.032814022
25.00059,-0.032808114
25.000319,-0.03294045
24.999931,-0.033132657
25.000734,-0.03272669
25.000435,-0.032872584
25.000181,-0.032994512
25.000277,-0.032947533
25.00036,-0.03290211
25.000616,-0.03276926
25.000723,-0.032713942
25.000484,-0.032829285
24.999914,-0.03311058
25.000208,-0.032962214
25.000143,-0.032990903
25.000223,-0.03294761
25.000319,-0.032897968
25.000208,-0.03294968
25.000547,-0.032775175
24.999989,-0.03305206
25.000164,-0.032961223
25.000505,-0.0327862
25.00033,-0.032873683
25.000292,-0.032886922
25.000113,-0.032974724
25.000584,-0.03273606
25.00027,-0.032891188
24.999691,-0.033176146
25.000435,-0.032801352
24.999914,-0.0330596
25.000143,-0.03294203
25.000027,-0.032998655
25.000568,-0.03272447
24.999973,-0.033020142
25.000154,-0.032925062
25.000265,-0.032867078
25.000467,-0.032762967
25.000095,-0.032945752
25.000494,-0.03274288
25.000181,-0.03289738
25.000128,-0.032922022
25.000261,-0.03285273
25.00058,-0.03269016
25.000134,-0.032911118
25.000473,-0.032736443
25.000547,-0.03269566
25.000235,-0.0328488
25.00052,-0.03270257
25.00035,-0.032784056
25.000435,-0.032738738
25.000383,-0.03276182
25.000738,-0.032580554
25.000048,-0.032921936
24.999985,-0.032950073
24.999914,-0.032982294
25.00019,-0.032840095
25.000488,-0.032688737
25.000309,-0.032775097
25.000452,-0.032700796
25.000143,-0.032853067
25.000431,-0.032707203
25.000063,-0.032888394
25.000637,-0.032596223
25.000309,-0.03275809
24.999676,-0.033070173
25.000685,-0.032562874
25.000027,-0.032889407
25.000202,-0.032799248
24.99994,-0.032926332
25.000458,-0.03266456
25.000393,-0.03269238
24.999937,-0.032916643
25.000505,-0.03263152
25.00041,-0.032674376
25.000319,-0.032716062
25.000027,-0.0328597
25.000048,-0.032845367
25.000286,-0.0327223
24.999735,-0.03299515
25.000628,-0.03254659
25.000532,-0.032590196
25.00041,-0.032646816
25.000286,-0.032705385
25.000431,-0.03262972
25.00052,-0.03258073
25.00016,-0.032757312
25.000319,-0.032674477
25.000505,-0.03258327
24.999655,-0.03300566
25.000134,-0.03276745
25.000149,-0.032756783
24.999664,-0.032998316
25.000015,-0.032823436
25.000143,-0.032758094
25.000154,-0.032750525
25.000021,-0.03281548
25.000217,-0.032715235
25.00016,-0.032743286
25.000563,-0.032533415
25.000399,-0.03261485
25.000134,-0.032740805
25.000164,-0.032722704
25.000425,-0.032587964
24.999884,-0.032861672
24.999985,-0.032807358
25.000038,-0.032779932
25.00027,-0.03266305
25.000654,-0.032468632
25.000345,-0.032618977
25.000904,-0.03233419
25.000866,-0.032350276
24.999363,-0.0331022
25.000149,-0.032706402
25.00008,-0.03274099
24.999937,-0.03280971
24.999655,-0.03295122
25.000378,-0.03258704
25.000734,-0.03240889
24.999363,-0.03309416
25.000372,-0.032586634
24.999798,-0.032873034
25.000324,-0.032606456
25.000154,-0.03269024
24.999569,-0.032982536
24.999962,-0.03278401
25.000717,-0.032401618
25.00033,-0.032588378
25.000856,-0.03232182
24.999819,-0.03283613
25.000494,-0.03249425
25.000399,-0.0325387
25.000526,-0.032471925
25.000488,-0.032489594
24.999723,-0.032872453
25.000473,-0.032497633
24.99981,-0.032828253
24.999887,-0.032784555
25.000261,-0.032599516
25.000235,-0.032607384
25.000988,-0.03222491
25.000431,-0.0325007
25.00006,-0.032682955
25.000877,-0.03226972
25.000378,-0.03251682
24.999914,-0.03274158
25.000238,-0.032578785
25.000181,-0.032603875
25.000637,-0.032372326
25.000282,-0.032545492
25.000387,-0.03248916
25.0006,-0.032379206
25.000633,-0.032359757
25.000372,-0.03248662
25.00075,-0.032293502
25.000435,-0.03244842
25.000223,-0.032551512
25.000223,-0.0325468
25.000113,-0.03260001
25.000425,-0.032438103
25.000372,-0.03246277
25.000074,-0.03260736
25.001015,-0.032131735
25.000223,-0.03252501
25.000383,-0.032439996
25.000473,-0.032390554
24.999937,-0.03265702
25.000319,-0.032461178
25.000128,-0.032553505
25.000027,-0.032601107
25.000425,-0.032397456
25.000393,-0.03240986
25.00083,-0.032187242
24.999989,-0.0326038
25.00008,-0.032553665
24.99991,-0.03263531
25.000782,-0.032194592
24.999792,-0.03268686
25.000702,-0.032229077
25.000015,-0.032568518
25.000128,-0.032509282
25.000229,-0.0324544
25.000122,-0.032503974
25.00052,-0.03230094
25.000462,-0.032328214
25.000505,-0.032301646
25.000393,-0.03235496
25.000357,-0.032371502
25.000366,-0.03236334
25.000574,-0.032254193
25.001211,-0.03193249
24.999788,-0.032642122
25.00035,-0.03235826
25.000532,-0.03226365
25.000372,-0.032339282
25.000175,-0.032435734
25.000607,-0.032216486
25.000458,-0.032288067
25.000532,-0.032247666
25.000298,-0.03236081
25.000505,-0.032253888
25.000446,-0.03228037
25.00019,-0.032404903
25.00009,-0.03245125
25.001062,-0.031963374
25.000063,-0.03245948
25.00035,-0.032312877
25.00016,-0.032403197
25.000053,-0.032455057
25.000303,-0.032325484
24.999872,-0.032540135
24.999872,-0.032536816
24.999989,-0.03247518
25.000648,-0.03214308
24.999857,-0.0325369
25.000633,-0.03214539
25.000256,-0.03233271
25.000116,-0.032399233
24.999714,-0.032598715
25.00051,-0.032197613
25.000006,-0.032443848
25.000536,-0.03217817
25.00025,-0.03231852
25.000904,-0.03199016
25.000473,-0.032200735
25.000027,-0.032421857
25.000134,-0.032365523
25.000164,-0.032346163
25.000038,-0.032408006
25.00084,-0.032002963
25.000244,-0.03229587
25.000277,-0.032277215
25.00036,-0.032230675
25.000414,-0.032200824
25.00042,-0.032194894
25.000212,-0.0322965
24.999985,-0.032407857
24.999601,-0.032597397
25.000324,-0.03223172
25.000282,-0.032251168
25.000467,-0.032153804
25.000196,-0.03228818
25.000265,-0.032250322
24.99956,-0.032600503
25.00058,-0.032086767
24.999756,-0.03249921
25.000616,-0.03206444
25.000526,-0.032106403
24.999872,-0.03243105
25.00035,-0.03218982
25.000196,-0.03226106
25.000738,-0.03198734
25.000462,-0.03212156
25.000042,-0.032327354
25.000134,-0.032277964
25.000202,-0.032240655
25.000792,-0.031942938
25.000137,-0.03226613
25.000101,-0.032282062
25.000658,-0.032000158
24.99992,-0.032366324
25.00051,-0.03206787
25.000462,-0.03208673
25.000372,-0.03213313
25.00017,-0.032231405
24.999985,-0.03232029
25.000462,-0.032079667
25.000282,-0.03216633
24.999825,-0.03239019
25.000824,-0.03188926
24.999947,-0.03232472
25.000048,-0.032270744
25.000595,-0.031994175
25.000069,-0.032254245
25.00044,-0.032065805
25.000685,-0.031940177
24.999723,-0.0324219
25.000277,-0.03213969
24.999277,-0.03263834
25.000113,-0.03221611
25.000488,-0.032026064
25.000435,-0.032047924
25.000776,-0.031876113
25.000648,-0.031935714
24.999893,-0.032312475
24.999926,-0.03229273
25.00017,-0.032168306
25.000404,-0.032047052
24.999905,-0.03229461
25.000006,-0.03223891
25.000792,-0.031842567
25.000303,-0.032084525
24.999735,-0.03236754
25.000256,-0.032102868
25.000069,-0.032192145
25.000809,-0.03181933
25.00042,-0.03200905
25.00019,-0.03211926
25.000813,-0.03180533
25.000914,-0.03175301
25.000435,-0.03198599
25.00077,-0.031816185
25.000387,-0.032003265
25.000734,-0.031827405
24.99975,-0.032318432
25.000824,-0.03177571
24.99984,-0.032264713
25.000961,-0.031698897
25.000616,-0.031868674
25.000063,-0.032142032
25.000336,-0.03200315
25.000622,-0.03185319
24.99991,-0.032208525
25.00051,-0.03190519
25.00093,-0.031690706
25.000628,-0.03183544
25.000738,-0.03177394
25.000324,-0.031980623
24.999851,-0.032213446
25.000685,-0.03178669
25.000366,-0.0319439
25.000446,-0.031893842
25.000372,-0.03192865
0.58954024,-0.1
24.674894,-0.067704745
24.77965,-0.017933846
24.757109,-0.0316202
24.765404,-0.02983032
24.769573,-0.030074243
24.774296,-0.02998855
24.77808,-0.030335018
24.78226,-0.030437691
24.78706,-0.030191118
24.790306,-0.030676937
-61.91833,-0.1
-61.362732,-0.1
-61.85655,-0.1
-61.750984,-0.1
-62.1864,-0.1
26.16261,0.07979319
-61.70543,-0.1
-61.619167,-0.1
-61.68596,-0.1
-61.654377,-0.1
-61.696827,-0.1
-61.549675,-0.1
-61.526917,-0.1
-61.27044,-0.1
-61.35483,-0.1
-61.36874,-0.1
28.112343,0.092750005
-61.26307,-0.1
-61.77529,-0.1
-61.582764,-0.1
-61.42326,-0.1
-5.9631004,-0.1
27.949987,0.072166726
27.574804,0.1
-12.074515,-0.1
-61.3776,-0.1
-61.37507,-0.1
-61.47259,-0.1
-61.58759,-0.1
-61.688877,-0.1
26.681923,-0.086770624
26.70727,0.053059593
26.174793,0.1
25.816198,-0.069888696
25.880127,-0.029162582
25.847836,-0.036773093
25.831696,-0.0364339
25.815273,-0.036421843
25.799261,-0.036361754
25.78327,-0.036454108
25.76772,-0.036481
25.753407,-0.036037598
25.73835,-0.036117043
25.72366,-0.036163002
25.709179,-0.036245584
25.695513,-0.036060855
25.682446,-0.035715234
25.668818,-0.03578111
25.655796,-0.03567678
25.642603,-0.035787053
25.630592,-0.035430033
25.618294,-0.035344932
25.60581,-0.03547468
25.59399,-0.035390537
25.58225,-0.03538484
25.571339,-0.035078213
25.559723,-0.035234842
25.549107,-0.035008226
25.538763,-0.03474554
25.528233,-0.03468672
25.51732,-0.034919586
25.507826,-0.03454623
25.49756,-0.03465705
25.48796,-0.034534674
25.477985,-0.03469547
25.469465,-0.034225605
25.459463,-0.034585696
25.450575,-0.034480244
25.44219,-0.034212712
25.433678,-0.03409536
25.425325,-0.03398339
25.417032,-0.033925217
25.408588,-0.034024477
25.400612,-0.033969656
25.392628,-0.033997167
25.38534,-0.03375605
25.37775,-0.03373937
25.37018,-0.033789326
25.36304,-0.033694755
25.355587,-0.033830326
25.349045,-0.033580065
25.342392,-0.03345329
25.33544,-0.033542316
25.328995,-0.033444684
25.322674,-0.033349395
25.31691,-0.033040807
25.310429,-0.033151012
25.304491,-0.033050388
25.297941,-0.03331712
25.292711,-0.032982413
25.286348,-0.033272475
25.281588,-0.03281374
25.275475,-0.03309197
25.270226,-0.032990225
25.265045,-0.03290825
25.259583,-0.033017077
25.25527,-0.032600977
25.249147,-0.033142477
25.244448,-0.033022854
25.239695,-0.032979418
25.23502,-0.032940663
25.230757,-0.032743912
25.226744,-0.03246675
25.22191,-0.03264421
25.217419,-0.03269518
25.213055,-0.032725465
25.209179,-0.03255126
25.204966,-0.03259089
25.200361,-0.03286502
25.19688,-0.032612946
25.193523,-0.03234382
25.189638,-0.032372143
25.186014,-0.032123182
25.181625,-0.032484654
25.178522,-0.032234214
25.174847,-0.03230993
25.17149,-0.032257434
25.16808,-0.03226766
25.164934,-0.032176558
25.161428,-0.032299813
25.158539,-0.032146677
25.15564,-0.032027535
25.152372,-0.03212541
25.14923,-0.03219054
25.146288,-0.03218455
25.142143,-0.03281016
25.14126,-0.03183108
25.138372,-0.03188132
25.135185,-0.032111444
25.132425,-0.032157943
25.129904,-0.032104675
25.127462,-0.032039862
25.124846,-0.03208799
25.122047,-0.032251265
25.11984,-0.032141205
25.117884,-0.03193213
25.11557,-0.03192515
25.11342,-0.03185462
25.110975,-0.03195767
25.10873,-0.031982183
25.106194,-0.032173548
25.104885,-0.0317749
25.10253,-0.031913564
25.100376,-0.031979688
25.099678,-0.031328857
25.096642,-0.031873506
25.094961,-0.03175004
25.093334,-0.031626083
25.091122,-0.031809
25.090048,-0.03144391
25.087353,-0.03190662
25.086235,-0.03159505
25.08432,-0.03169758
25.083115,-0.031465236
25.081333,-0.031539537
25.07977,-0.031514414
25.078062,-0.03157951
25.076967,-0.031354386
25.074802,-0.031678453
25.074148,-0.03126241
25.071804,-0.031707574
25.071018,-0.031383142
25.069368,-0.031506337
25.068312,-0.03134922
25.06697,-0.03134305
25.065361,-0.031486735
25.064228,-0.031407513
25.06294,-0.031413436
25.061893,-0.031315077
25.060528,-0.03138619
25.059942,-0.031077733
25.058332,-0.03129526
25.056477,-0.031647753
25.056162,-0.031240579
25.054811,-0.031363416
25.053547,-0.03145332
25.052717,-0.031335317
25.051792,-0.03127557
25.050379,-0.031472486
25.048912,-0.031706333
25.049013,-0.031164387
25.047928,-0.031224078
25.046944,-0.031242797
25.045748,-0.031375334
25.045382,-0.03110458
25.043888,-0.03140554
25.043398,-0.031213084
25.042543,-0.031212406
25.041134,-0.031494763
25.040878,-0.03121306
25.040342,-0.0310746
25.039045,-0.03132806
25.038221,-0.03135145
25.037758,-0.031202488
25.036945,-0.031234255
25.036615,-0.031032307
25.035738,-0.031111429
25.034834,-0.031211946
25.033995,-0.031285442
25.03382,-0.031033607
25.03256,-0.03133313
25.032766,-0.030903934
25.031416,-0.03125926
25.031172,-0.031070352
25.030588,-0.031053273
25.029274,-0.0314092
25.029024,-0.031238625
25.029078,-0.030922841
25.028366,-0.03099439
25.027346,-0.031226926
25.026772,-0.031239979
25.026712,-0.031002013
25.02626,-0.030965265
25.025293,-0.0311912
25.02538,-0.030895684
25.024427,-0.031123929
25.024109,-0.031040577
25.023571,-0.031071495
25.022982,-0.031131512
25.02246,-0.031162623
25.022423,-0.030956872
25.022402,-0.030747065
25.021046,-0.03120905
25.021015,-0.03101165
25.021152,-0.030736037
25.020025,-0.03109528
25.019123,-0.0313469
25.019293,-0.031068273
25.019207,-0.0309174
25.018389,-0.031138668
25.018538,-0.030877912
25.01816,-0.030885248
25.017502,-0.031035403
25.017374,-0.030925514
25.016651,-0.031115212
25.016747,-0.030898279
25.016342,-0.030935371
25.015863,-0.031012882
25.01611,-0.030730208
25.015408,-0.030924857
25.015327,-0.03081105
25.0147,-0.030975124
25.014593,-0.030880297
25.014355,-0.030856594
25.01409,-0.030848246
25.013947,-0.030782487
25.013372,-0.030935435
25.01301,-0.030983089
25.013058,-0.030828197
25.012623,-0.030920899
25.01242,-0.030895228
25.012894,-0.030533403
25.012447,-0.030634934
25.011766,-0.030857066
25.011454,-0.030899951
25.011332,-0.03084577
25.011707,-0.03054569
25.011145,-0.030719213
25.01057,-0.03090053
25.010294,-0.030932104
25.010294,-0.030830318
25.00996,-0.030895822
25.009466,-0.031045306
25.009577,-0.03089139
25.008966,-0.031101804
25.009348,-0.030815752
25.009321,-0.030736167
25.008934,-0.030842448
25.008907,-0.0307651
25.008663,-0.030801024
25.008226,-0.030934107
25.008163,-0.030884476
25.00802,-0.03087285
25.008307,-0.030649522
25.007902,-0.030773198
25.007307,-0.03099428
25.007504,-0.030820725
25.007872,-0.030562997
25.007164,-0.030843599
25.006947,-0.030880244
25.006786,-0.030891811
25.007015,-0.030707946
25.006777,-0.030758224
25.006474,-0.030844951
25.006287,-0.030872768
25.006165,-0.030869544
25.006287,-0.030745024
25.005968,-0.030842746
25.006096,-0.030718815
25.005905,-0.030756326
25.005825,-0.030737577
25.00601,-0.030587647
25.005432,-0.03082146
25.005468,-0.030747592
25.004873,-0.03099172
25.004858,-0.030947896
25.005278,-0.030685946
25.005016,-0.03076413
25.004766,-0.030839859
25.004793,-0.030778302
25.004847,-0.030704226
25.004862,-0.030647889
25.004337,-0.030864995
25.004166,-0.030904492
25.004517,-0.030684661
25.004591,-0.030602101
25.004454,-0.03063003
25.004421,-0.030601582
25.004442,-0.030550083
25.004114,-0.030673472
25.003891,-0.030743396
25.003582,-0.030858887
25.004171,-0.030523572
25.00381,-0.030667013
25.00379,-0.030638926
25.00352,-0.03073929
25.002945,-0.030990837
25.003567,-0.03064516
25.00346,-0.030664373
25.002811,-0.030954907
25.003225,-0.030715596
25.003284,-0.030654743
25.00321,-0.030661117
25.003195,-0.030637711
25.003157,-0.030624654
25.002928,-0.03071033
25.003035,-0.030627983
25.002731,-0.030748978
25.00305,-0.0305628
25.00255,-0.030783936
25.00313,-0.030468399
25.00288,-0.03056465
25.00261,-0.030673135
25.002892,-0.030504102
25.002487,-0.030681428
25.002195,-0.030802593
25.003145,-0.030300515
25.00211,-0.030794345
25.002796,-0.03042867
25.001999,-0.03080304
25.002306,-0.030626195
25.002668,-0.030423043
25.00213,-0.03066963
25.001951,-0.03073679
25.002178,-0.030601233
25.001898,-0.030721022
25.002083,-0.030606473
25.00202,-0.030617421
25.00178,-0.030718604
25.001764,-0.03070798
25.00236,-0.030389866
25.001833,-0.030634783
25.002285,-0.030390946
25.00204,-0.030492017
25.001898,-0.030545985
25.001627,-0.030664312
25.001589,-0.03066469
25.001728,-0.030578615
25.001255,-0.03080133
25.001738,-0.030543318
25.002121,-0.030336952
25.001398,-0.030680517
25.001259,-0.030734064
25.001654,-0.030523097
25.001377,-0.03064672
25.001907,-0.030366192
25.000973,-0.030817235
25.001265,-0.03065963
25.001728,-0.03041354
25.001514,-0.030503731
25.00117,-0.030663425
25.00117,-0.030651314
25.001074,-0.030684443
25.001925,-0.030246543
25.000685,-0.030855143
25.00092,-0.030724471
25.000809,-0.03076846
25.001265,-0.03052973
25.00128,-0.030506218
25.001009,-0.030632043
25.000696,-0.030778881
25.001993,-0.030117063
25.000887,-0.030657798
25.000935,-0.030626958
25.00125,-0.03045594
25.001951,-0.030094491
25.000532,-0.030795367
25.000628,-0.03073737
25.000658,-0.030716145
25.000755,-0.030658217
25.001032,-0.03051039
25.000607,-0.030714327
25.000845,-0.030585017
25.000723,-0.030638326
25.000648,-0.03066315
25.001318,-0.030322216
25.000961,-0.03049096
25.001083,-0.030419806
25.001,-0.030452883
25.000961,-0.030464279
25.000935,-0.03046659
25.001032,-0.030411808
25.000925,-0.0304567
25.000738,-0.030541731
25.000908,-0.030448664
25.000803,-0.030497244
25.00076,-0.030509483
25.000324,-0.03072037
25.000664,-0.030543298
25.00069,-0.030523906
25.000877,-0.030422507
25.000866,-0.030421985
25.000336,-0.03068218
25.000711,-0.030485371
25.001131,-0.030269483
25.000797,-0.030430181
25.000256,-0.030695515
25.000372,-0.030629594
25.000505,-0.030557536
25.000866,-0.030371308
25.000532,-0.030533016
25.000425,-0.03058102
25.000292,-0.030640127
25.00085,-0.03035393
25.000887,-0.03032995
25.000372,-0.030581584
25.00068,-0.030421726
25.00075,-0.030382453
24.999521,-0.030990021
25.000505,-0.030492663
25.001175,-0.030151572
25.000532,-0.030469865
25.000559,-0.030449297
25.00077,-0.030337466
25.00094,-0.030247582
25.000208,-0.030608442
25.000229,-0.030592892
25.00035,-0.030526027
25.00051,-0.030441167
25.000473,-0.030455494
25.000765,-0.030302731
25.000435,-0.030462679
25.000128,-0.030612674
25.000935,-0.030201916
25.000011,-0.030659795
25.00068,-0.030320326
25.000414,-0.030447043
25.00033,-0.030484049
25.000776,-0.03025546
25.000452,-0.030412719
25.000345,-0.03046202
25.000536,-0.03036003
25.000435,-0.03040651
25.000313,-0.030465027
25.000324,-0.030453708
25.000229,-0.030497568
25.000723,-0.030246902
25.00042,-0.030393953
24.999825,-0.03068775
25.000738,-0.030226776
24.999914,-0.030637268
25.000238,-0.030470438
25.000628,-0.030273937
25.000063,-0.030550972
25.000563,-0.030295992
25.000559,-0.030295912
25.000095,-0.03052285
25.000074,-0.030529741
25.000553,-0.03028793
25.000658,-0.030229386
25.000277,-0.030417677
25.000042,-0.03053186
25.001228,-0.029935965
25.000212,-0.030439716
25.000128,-0.030480934
25.00006,-0.030511906
25.00092,-0.030077431
25.000467,-0.03030011
25.00008,-0.03049092
25.000675,-0.030189145
25.000574,-0.030235568
25.000128,-0.030455414
24.99967,-0.030682152
24.999899,-0.030562222
25.000404,-0.030308072
25.000393,-0.030312791
25.000818,-0.030094124
24.999973,-0.030515222
25.000187,-0.030405868
25.000547,-0.030221373
24.99983,-0.030577773
25.0006,-0.030189237
25.000526,-0.030222036
25.00033,-0.030317213
25.000786,-0.030088166
25.000568,-0.03019388
24.999979,-0.030483326
25.000542,-0.030202601
25.000298,-0.030319104
25.0005,-0.030217499
25.000006,-0.030463327
25.000488,-0.03021737
25.000336,-0.030293042
25.000685,-0.030112267
25.00016,-0.030371366
24.99964,-0.030631352
25.000547,-0.030172257
24.999979,-0.03045595
25.000574,-0.030152593
25.000128,-0.030375639
24.999952,-0.030462073
25.000319,-0.030276425
25.00035,-0.030254295
25.000202,-0.030327603
25.000378,-0.030235318
25.00044,-0.03020189
25.000265,-0.030284502
25.000319,-0.030256368
24.999937,-0.030443164
25.000973,-0.029921394
25.000149,-0.030333431
25.000563,-0.030119564
25.000069,-0.030365596
24.999846,-0.030472621
25.000744,-0.030022576
24.99984,-0.03047098
25.000223,-0.030277524
25.000181,-0.030296216
25.000229,-0.030269127
25.000277,-0.030241365
25.00016,-0.030298065
25.000425,-0.030163063
25.000309,-0.030217318
25.000387,-0.030176137
24.999846,-0.030442223
25.000069,-0.030329138
25.000654,-0.030035255
25.000277,-0.030221416
25.000568,-0.03007183
25.000187,-0.030260105
25.000467,-0.03011713
25.000292,-0.030201815
25.000261,-0.030215856
25.000086,-0.030300079
25.000633,-0.030023357
25.000107,-0.03028318
25.00036,-0.030153029
25.001127,-0.02976708
25.000212,-0.030221628
25.000086,-0.030282961
24.999899,-0.030374162
25.000074,-0.030283919
25.000319,-0.030159349
25.000877,-0.02987442
25.000128,-0.03024667
25.000914,-0.02985035
24.999958,-0.03032545
25.000675,-0.029962437
25.000027,-0.030285502
25.00025,-0.030171428
25.000187,-0.03020138
25.000431,-0.030075284
25.000372,-0.030101936
25.000744,-0.029912934
24.999601,-0.030483633
25.000217,-0.030170444
25.000946,-0.029804423
25.000149,-0.0301975
25.000961,-0.029789634
25.000553,-0.029990833
25.000277,-0.03012565
25.000446,-0.030037403
24.999937,-0.03028936
25.00036,-0.030073993
25.000462,-0.03001986
25.000357,-0.030068848
24.999905,-0.030291189
25.000553,-0.029961428
25.000309,-0.030084452
25.000893,-0.02978703
24.999899,-0.030280894
25.000164,-0.030145308
25.000217,-0.030116972
25.000494,-0.029972509
25.000187,-0.030125372
25.000277,-0.030076321
25.000357,-0.030033732
24.999973,-0.03022472
25.000256,-0.030080238
24.99991,-0.030251382
25.000292,-0.030055547
24.99992,-0.030243019
25.00035,-0.030022273
25.000378,-0.03000708
25.000446,-0.02997058
25.000202,-0.030091036
25.000505,-0.029936913
25.000298,-0.030036425
25.000212,-0.03007656
25.000265,-0.030049058
25.000095,-0.03012978
24.99983,-0.030261703
24.999813,-0.030270137
24.999973,-0.030186972
25.00068,-0.02983158
24.999893,-0.03022242
25.000834,-0.029748617
24.999718,-0.030305626
25.000244,-0.03004106
25.000298,-0.030009706
25.000479,-0.029917957
25.000824,-0.029742341
24.999989,-0.030155813
25.00036,-0.029965553
25.000776,-0.029758157
24.999857,-0.03021356
25.000563,-0.02985699
24.999958,-0.030156845
25.000515,-0.029875016
25.000303,-0.02997837
25.000212,-0.030020965
25.00044,-0.029904166
24.999973,-0.030134551
25.000181,-0.030028194
25.000383,-0.029923728
25.000366,-0.029929314
25.000313,-0.029953696
25.000982,-0.029615942
25.000208,-0.030004352
25.000187,-0.030011538
24.999994,-0.030104296
24.999857,-0.030171655
25.000063,-0.030063279
25.000458,-0.02986443
25.000074,-0.03005541
25.000038,-0.030070784
25.000027,-0.030071698
25.000074,-0.030046964
24.999931,-0.030114546
24.999691,-0.030232744
25.000164,-0.029995106
25.000484,-0.02983173
25.000345,-0.0298979
25.00016,-0.02998915
25.000244,-0.029943524
24.999819,-0.03015389
25.000286,-0.029916458
25.000298,-0.029910117
25.000452,-0.029827563
25.000116,-0.029993102
25.000696,-0.029698674
25.00008,-0.030005708
25.000387,-0.029849097
25.000154,-0.029964803
25.000467,-0.029803442
25.000462,-0.029803898
24.999857,-0.030104816
25.000107,-0.029978255
25.000324,-0.029865237
25.000181,-0.02993474
25.000202,-0.029923825
25.00051,-0.029764827
24.99981,-0.03011216
24.999878,-0.030074922
25.000425,-0.029799504
25.000101,-0.02995772
25.00069,-0.0296611
25.00036,-0.029824024
25.00035,-0.029826831
25.000286,-0.029855784
25.000149,-0.029922277
25.000658,-0.029666824
25.000101,-0.029942637
25.000116,-0.029933762
25.000345,-0.029816568
25.000223,-0.029874686
25.00059,-0.029688682
24.999777,-0.030092077
25.000074,-0.02994363
25.000633,-0.02966355
25.000048,-0.02995139
24.999914,-0.030016772
24.999985,-0.02998056
25.000181,-0.029879741
25.000484,-0.02972615
24.999819,-0.03005449
25.000458,-0.029733365
24.999851,-0.030034564
25.00041,-0.029752705
25.000637,-0.029633105
25.000372,-0.029765636
25.000042,-0.029928027
24.999851,-0.030025493
25.000143,-0.02987694
25.000128,-0.029883295
25.00041,-0.029741349
25.000494,-0.029692775
25.000584,-0.029645056
25.000122,-0.029875876
25.000574,-0.029647576
25.000256,-0.02980538
24.99973,-0.030064661
25.000212,-0.0298209
24.99983,-0.030010294
25.000208,-0.029817944
25.00058,-0.029629331
25.000387,-0.029721802
25.000229,-0.029800296
25.000223,-0.029799797
25.000431,-0.029693816
25.000607,-0.02960786
24.999985,-0.029914768
25.000011,-0.029895391
25.000494,-0.029652884
24.999893,-0.029949365
25.000208,-0.029788317
25.000095,-0.029842822
25.000256,-0.029760635
24.999771,-0.030001286
25.000069,-0.029850204
25.000574,-0.029594112
25.000383,-0.029686451
25.000282,-0.029734753
25.000574,-0.029585859
24.999884,-0.029927943
25.00019,-0.029770982
25.001032,-0.029346842
25.00008,-0.029820533
25.00017,-0.02977164
25.00036,-0.029673535
25.00041,-0.029647421
25.000282,-0.029705385
25.000015,-0.029837618
24.999527,-0.030081343
25.000404,-0.029639727
24.999914,-0.029882228
